,CRIT stat,CRIT rate,CRIT dmg,f(CRIT) avg,,DH stat,DH rate,f(DH) avg,,DET stat,f(DET),,TEN stat,f(TEN),,SKS stat,GCD (2.50),f(SKS) DoTs
,400,"5,0%","+40,0%","1,02000",,400,"0,0%","1,00000",,390,"1,000",,400,"1,000",,400,"2,50","1,000"
,410,"5,1%","+40,1%","1,02045",,404,"0,1%","1,00025",,404,"1,001",,419,"1,001",,415,"2,49","1,001"
,419,"5,2%","+40,2%","1,02090",,407,"0,2%","1,00050",,418,"1,002",,438,"1,002",,430,"2,49","1,002"
,429,"5,3%","+40,3%","1,02136",,411,"0,3%","1,00075",,431,"1,003",,457,"1,003",,444,"2,49","1,003"
,438,"5,4%","+40,4%","1,02182",,414,"0,4%","1,00100",,445,"1,004",,476,"1,004",,459,"2,49","1,004"
,448,"5,5%","+40,5%","1,02228",,418,"0,5%","1,00125",,458,"1,005",,495,"1,005",,474,"2,48","1,005"
,457,"5,6%","+40,6%","1,02274",,421,"0,6%","1,00150",,472,"1,006",,514,"1,006",,488,"2,48","1,006"
,467,"5,7%","+40,7%","1,02320",,425,"0,7%","1,00175",,485,"1,007",,533,"1,007",,503,"2,48","1,007"
,476,"5,8%","+40,8%","1,02366",,428,"0,8%","1,00200",,499,"1,008",,552,"1,008",,517,"2,48","1,008"
,486,"5,9%","+40,9%","1,02413",,432,"0,9%","1,00225",,513,"1,009",,571,"1,009",,532,"2,47","1,009"
,495,"6,0%","+41,0%","1,02460",,435,"1,0%","1,00250",,526,"1,010",,590,"1,010",,547,"2,47","1,010"
,505,"6,1%","+41,1%","1,02507",,438,"1,1%","1,00275",,540,"1,011",,609,"1,011",,561,"2,47","1,011"
,514,"6,2%","+41,2%","1,02554",,442,"1,2%","1,00300",,553,"1,012",,628,"1,012",,576,"2,47","1,012"
,524,"6,3%","+41,3%","1,02602",,445,"1,3%","1,00325",,567,"1,013",,647,"1,013",,590,"2,46","1,013"
,533,"6,4%","+41,4%","1,02650",,449,"1,4%","1,00350",,580,"1,014",,666,"1,014",,605,"2,46","1,014"
,543,"6,5%","+41,5%","1,02698",,452,"1,5%","1,00375",,594,"1,015",,685,"1,015",,620,"2,46","1,015"
,552,"6,6%","+41,6%","1,02746",,456,"1,6%","1,00400",,608,"1,016",,704,"1,016",,634,"2,46","1,016"
,562,"6,7%","+41,7%","1,02794",,459,"1,7%","1,00425",,621,"1,017",,723,"1,017",,649,"2,45","1,017"
,571,"6,8%","+41,8%","1,02842",,463,"1,8%","1,00450",,635,"1,018",,742,"1,018",,664,"2,45","1,018"
,581,"6,9%","+41,9%","1,02891",,466,"1,9%","1,00475",,648,"1,019",,761,"1,019",,678,"2,45","1,019"
,590,"7,0%","+42,0%","1,02940",,470,"2,0%","1,00500",,662,"1,020",,780,"1,020",,693,"2,45","1,020"
,600,"7,1%","+42,1%","1,02989",,473,"2,1%","1,00525",,675,"1,021",,799,"1,021",,707,"2,44","1,021"
,609,"7,2%","+42,2%","1,03038",,476,"2,2%","1,00550",,689,"1,022",,818,"1,022",,722,"2,44","1,022"
,619,"7,3%","+42,3%","1,03088",,480,"2,3%","1,00575",,703,"1,023",,837,"1,023",,737,"2,44","1,023"
,628,"7,4%","+42,4%","1,03138",,483,"2,4%","1,00600",,716,"1,024",,856,"1,024",,751,"2,44","1,024"
,638,"7,5%","+42,5%","1,03188",,487,"2,5%","1,00625",,730,"1,025",,875,"1,025",,766,"2,43","1,025"
,647,"7,6%","+42,6%","1,03238",,490,"2,6%","1,00650",,743,"1,026",,894,"1,026",,780,"2,43","1,026"
,657,"7,7%","+42,7%","1,03288",,494,"2,7%","1,00675",,757,"1,027",,913,"1,027",,795,"2,43","1,027"
,666,"7,8%","+42,8%","1,03338",,497,"2,8%","1,00700",,770,"1,028",,932,"1,028",,810,"2,43","1,028"
,676,"7,9%","+42,9%","1,03389",,501,"2,9%","1,00725",,784,"1,029",,951,"1,029",,824,"2,42","1,029"
,685,"8,0%","+43,0%","1,03440",,504,"3,0%","1,00750",,798,"1,030",,970,"1,030",,839,"2,42","1,030"
,695,"8,1%","+43,1%","1,03491",,508,"3,1%","1,00775",,811,"1,031",,989,"1,031",,854,"2,42","1,031"
,704,"8,2%","+43,2%","1,03542",,511,"3,2%","1,00800",,825,"1,032",,1008,"1,032",,868,"2,42","1,032"
,714,"8,3%","+43,3%","1,03594",,514,"3,3%","1,00825",,838,"1,033",,1027,"1,033",,883,"2,41","1,033"
,723,"8,4%","+43,4%","1,03646",,518,"3,4%","1,00850",,852,"1,034",,1046,"1,034",,897,"2,41","1,034"
,733,"8,5%","+43,5%","1,03698",,521,"3,5%","1,00875",,865,"1,035",,1065,"1,035",,912,"2,41","1,035"
,742,"8,6%","+43,6%","1,03750",,525,"3,6%","1,00900",,879,"1,036",,1084,"1,036",,927,"2,41","1,036"
,752,"8,7%","+43,7%","1,03802",,528,"3,7%","1,00925",,893,"1,037",,1103,"1,037",,941,"2,40","1,037"
,761,"8,8%","+43,8%","1,03854",,532,"3,8%","1,00950",,906,"1,038",,1122,"1,038",,956,"2,40","1,038"
,771,"8,9%","+43,9%","1,03907",,535,"3,9%","1,00975",,920,"1,039",,1141,"1,039",,970,"2,40","1,039"
,780,"9,0%","+44,0%","1,03960",,539,"4,0%","1,01000",,933,"1,040",,1160,"1,040",,985,"2,40","1,040"
,790,"9,1%","+44,1%","1,04013",,542,"4,1%","1,01025",,947,"1,041",,1179,"1,041",,1000,"2,39","1,041"
,799,"9,2%","+44,2%","1,04066",,546,"4,2%","1,01050",,960,"1,042",,1198,"1,042",,1014,"2,39","1,042"
,809,"9,3%","+44,3%","1,04120",,549,"4,3%","1,01075",,974,"1,043",,1217,"1,043",,1029,"2,39","1,043"
,818,"9,4%","+44,4%","1,04174",,552,"4,4%","1,01100",,988,"1,044",,1236,"1,044",,1044,"2,39","1,044"
,828,"9,5%","+44,5%","1,04228",,556,"4,5%","1,01125",,1001,"1,045",,1255,"1,045",,1058,"2,38","1,045"
,837,"9,6%","+44,6%","1,04282",,559,"4,6%","1,01150",,1015,"1,046",,1274,"1,046",,1073,"2,38","1,046"
,847,"9,7%","+44,7%","1,04336",,563,"4,7%","1,01175",,1028,"1,047",,1293,"1,047",,1087,"2,38","1,047"
,856,"9,8%","+44,8%","1,04390",,566,"4,8%","1,01200",,1042,"1,048",,1312,"1,048",,1102,"2,38","1,048"
,866,"9,9%","+44,9%","1,04445",,570,"4,9%","1,01225",,1055,"1,049",,1331,"1,049",,1117,"2,37","1,049"
,875,"10,0%","+45,0%","1,04500",,573,"5,0%","1,01250",,1069,"1,050",,1350,"1,050",,1131,"2,37","1,050"
,885,"10,1%","+45,1%","1,04555",,577,"5,1%","1,01275",,1083,"1,051",,1369,"1,051",,1146,"2,37","1,051"
,894,"10,2%","+45,2%","1,04610",,580,"5,2%","1,01300",,1096,"1,052",,1388,"1,052",,1160,"2,37","1,052"
,904,"10,3%","+45,3%","1,04666",,584,"5,3%","1,01325",,1110,"1,053",,1407,"1,053",,1175,"2,36","1,053"
,913,"10,4%","+45,4%","1,04722",,587,"5,4%","1,01350",,1123,"1,054",,1426,"1,054",,1190,"2,36","1,054"
,923,"10,5%","+45,5%","1,04778",,590,"5,5%","1,01375",,1137,"1,055",,1445,"1,055",,1204,"2,36","1,055"
,932,"10,6%","+45,6%","1,04834",,594,"5,6%","1,01400",,1150,"1,056",,1464,"1,056",,1219,"2,36","1,056"
,942,"10,7%","+45,7%","1,04890",,597,"5,7%","1,01425",,1164,"1,057",,1483,"1,057",,1234,"2,35","1,057"
,951,"10,8%","+45,8%","1,04946",,601,"5,8%","1,01450",,1178,"1,058",,1502,"1,058",,1248,"2,35","1,058"
,961,"10,9%","+45,9%","1,05003",,604,"5,9%","1,01475",,1191,"1,059",,1521,"1,059",,1263,"2,35","1,059"
,970,"11,0%","+46,0%","1,05060",,608,"6,0%","1,01500",,1205,"1,060",,1540,"1,060",,1277,"2,35","1,060"
,980,"11,1%","+46,1%","1,05117",,611,"6,1%","1,01525",,1218,"1,061",,1559,"1,061",,1292,"2,34","1,061"
,989,"11,2%","+46,2%","1,05174",,615,"6,2%","1,01550",,1232,"1,062",,1578,"1,062",,1307,"2,34","1,062"
,999,"11,3%","+46,3%","1,05232",,618,"6,3%","1,01575",,1245,"1,063",,1597,"1,063",,1321,"2,34","1,063"
,1008,"11,4%","+46,4%","1,05290",,622,"6,4%","1,01600",,1259,"1,064",,1616,"1,064",,1336,"2,34","1,064"
,1018,"11,5%","+46,5%","1,05348",,625,"6,5%","1,01625",,1273,"1,065",,1635,"1,065",,1350,"2,33","1,065"
,1027,"11,6%","+46,6%","1,05406",,628,"6,6%","1,01650",,1286,"1,066",,1654,"1,066",,1365,"2,33","1,066"
,1037,"11,7%","+46,7%","1,05464",,632,"6,7%","1,01675",,1300,"1,067",,1673,"1,067",,1380,"2,33","1,067"
,1046,"11,8%","+46,8%","1,05522",,635,"6,8%","1,01700",,1313,"1,068",,1692,"1,068",,1394,"2,33","1,068"
,1056,"11,9%","+46,9%","1,05581",,639,"6,9%","1,01725",,1327,"1,069",,1711,"1,069",,1409,"2,32","1,069"
,1065,"12,0%","+47,0%","1,05640",,642,"7,0%","1,01750",,1340,"1,070",,1730,"1,070",,1424,"2,32","1,070"
,1075,"12,1%","+47,1%","1,05699",,646,"7,1%","1,01775",,1354,"1,071",,1749,"1,071",,1438,"2,32","1,071"
,1084,"12,2%","+47,2%","1,05758",,649,"7,2%","1,01800",,1368,"1,072",,1768,"1,072",,1453,"2,32","1,072"
,1094,"12,3%","+47,3%","1,05818",,653,"7,3%","1,01825",,1381,"1,073",,1787,"1,073",,1467,"2,31","1,073"
,1103,"12,4%","+47,4%","1,05878",,656,"7,4%","1,01850",,1395,"1,074",,1806,"1,074",,1482,"2,31","1,074"
,1113,"12,5%","+47,5%","1,05938",,660,"7,5%","1,01875",,1408,"1,075",,1825,"1,075",,1497,"2,31","1,075"
,1122,"12,6%","+47,6%","1,05998",,663,"7,6%","1,01900",,1422,"1,076",,1844,"1,076",,1511,"2,31","1,076"
,1132,"12,7%","+47,7%","1,06058",,666,"7,7%","1,01925",,1435,"1,077",,1863,"1,077",,1526,"2,30","1,077"
,1141,"12,8%","+47,8%","1,06118",,670,"7,8%","1,01950",,1449,"1,078",,1882,"1,078",,1540,"2,30","1,078"
,1151,"12,9%","+47,9%","1,06179",,673,"7,9%","1,01975",,1463,"1,079",,1901,"1,079",,1555,"2,30","1,079"
,1160,"13,0%","+48,0%","1,06240",,677,"8,0%","1,02000",,1476,"1,080",,1920,"1,080",,1570,"2,30","1,080"
,1170,"13,1%","+48,1%","1,06301",,680,"8,1%","1,02025",,1490,"1,081",,1939,"1,081",,1584,"2,29","1,081"
,1179,"13,2%","+48,2%","1,06362",,684,"8,2%","1,02050",,1503,"1,082",,1958,"1,082",,1599,"2,29","1,082"
,1189,"13,3%","+48,3%","1,06424",,687,"8,3%","1,02075",,1517,"1,083",,1977,"1,083",,1614,"2,29","1,083"
,1198,"13,4%","+48,4%","1,06486",,691,"8,4%","1,02100",,1530,"1,084",,1996,"1,084",,1628,"2,29","1,084"
,1208,"13,5%","+48,5%","1,06548",,694,"8,5%","1,02125",,1544,"1,085",,2015,"1,085",,1643,"2,28","1,085"
,1217,"13,6%","+48,6%","1,06610",,698,"8,6%","1,02150",,1558,"1,086",,2034,"1,086",,1657,"2,28","1,086"
,1227,"13,7%","+48,7%","1,06672",,701,"8,7%","1,02175",,1571,"1,087",,2053,"1,087",,1672,"2,28","1,087"
,1236,"13,8%","+48,8%","1,06734",,704,"8,8%","1,02200",,1585,"1,088",,2072,"1,088",,1687,"2,28","1,088"
,1246,"13,9%","+48,9%","1,06797",,708,"8,9%","1,02225",,1598,"1,089",,2091,"1,089",,1701,"2,27","1,089"
,1255,"14,0%","+49,0%","1,06860",,711,"9,0%","1,02250",,1612,"1,090",,2110,"1,090",,1716,"2,27","1,090"
,1265,"14,1%","+49,1%","1,06923",,715,"9,1%","1,02275",,1625,"1,091",,2129,"1,091",,1730,"2,27","1,091"
,1274,"14,2%","+49,2%","1,06986",,718,"9,2%","1,02300",,1639,"1,092",,2148,"1,092",,1745,"2,27","1,092"
,1284,"14,3%","+49,3%","1,07050",,722,"9,3%","1,02325",,1653,"1,093",,2167,"1,093",,1760,"2,26","1,093"
,1293,"14,4%","+49,4%","1,07114",,725,"9,4%","1,02350",,1666,"1,094",,2186,"1,094",,1774,"2,26","1,094"
,1303,"14,5%","+49,5%","1,07178",,729,"9,5%","1,02375",,1680,"1,095",,2205,"1,095",,1789,"2,26","1,095"
,1312,"14,6%","+49,6%","1,07242",,732,"9,6%","1,02400",,1693,"1,096",,2224,"1,096",,1804,"2,26","1,096"
,1322,"14,7%","+49,7%","1,07306",,736,"9,7%","1,02425",,1707,"1,097",,2243,"1,097",,1818,"2,25","1,097"
,1331,"14,8%","+49,8%","1,07370",,739,"9,8%","1,02450",,1720,"1,098",,2262,"1,098",,1833,"2,25","1,098"
,1341,"14,9%","+49,9%","1,07435",,742,"9,9%","1,02475",,1734,"1,099",,2281,"1,099",,1847,"2,25","1,099"
,1350,"15,0%","+50,0%","1,07500",,746,"10,0%","1,02500",,1748,"1,100",,2300,"1,100",,1862,"2,25","1,100"
,1360,"15,1%","+50,1%","1,07565",,749,"10,1%","1,02525",,1761,"1,101",,2319,"1,101",,1877,"2,24","1,101"
,1369,"15,2%","+50,2%","1,07630",,753,"10,2%","1,02550",,1775,"1,102",,2338,"1,102",,1891,"2,24","1,102"
,1379,"15,3%","+50,3%","1,07696",,756,"10,3%","1,02575",,1788,"1,103",,2357,"1,103",,1906,"2,24","1,103"
,1388,"15,4%","+50,4%","1,07762",,760,"10,4%","1,02600",,1802,"1,104",,2376,"1,104",,1920,"2,24","1,104"
,1398,"15,5%","+50,5%","1,07828",,763,"10,5%","1,02625",,1815,"1,105",,2395,"1,105",,1935,"2,23","1,105"
,1407,"15,6%","+50,6%","1,07894",,767,"10,6%","1,02650",,1829,"1,106",,2414,"1,106",,1950,"2,23","1,106"
,1417,"15,7%","+50,7%","1,07960",,770,"10,7%","1,02675",,1843,"1,107",,2433,"1,107",,1964,"2,23","1,107"
,1426,"15,8%","+50,8%","1,08026",,774,"10,8%","1,02700",,1856,"1,108",,2452,"1,108",,1979,"2,23","1,108"
,1436,"15,9%","+50,9%","1,08093",,777,"10,9%","1,02725",,1870,"1,109",,2471,"1,109",,1994,"2,22","1,109"
,1445,"16,0%","+51,0%","1,08160",,780,"11,0%","1,02750",,1883,"1,110",,2490,"1,110",,2008,"2,22","1,110"
,1455,"16,1%","+51,1%","1,08227",,784,"11,1%","1,02775",,1897,"1,111",,2509,"1,111",,2023,"2,22","1,111"
,1464,"16,2%","+51,2%","1,08294",,787,"11,2%","1,02800",,1910,"1,112",,2528,"1,112",,2037,"2,22","1,112"
,1474,"16,3%","+51,3%","1,08362",,791,"11,3%","1,02825",,1924,"1,113",,2547,"1,113",,2052,"2,21","1,113"
,1483,"16,4%","+51,4%","1,08430",,794,"11,4%","1,02850",,1938,"1,114",,2566,"1,114",,2067,"2,21","1,114"
,1493,"16,5%","+51,5%","1,08498",,798,"11,5%","1,02875",,1951,"1,115",,2585,"1,115",,2081,"2,21","1,115"
,1502,"16,6%","+51,6%","1,08566",,801,"11,6%","1,02900",,1965,"1,116",,2604,"1,116",,2096,"2,21","1,116"
,1512,"16,7%","+51,7%","1,08634",,805,"11,7%","1,02925",,1978,"1,117",,2623,"1,117",,2110,"2,20","1,117"
,1521,"16,8%","+51,8%","1,08702",,808,"11,8%","1,02950",,1992,"1,118",,2642,"1,118",,2125,"2,20","1,118"
,1531,"16,9%","+51,9%","1,08771",,812,"11,9%","1,02975",,2005,"1,119",,2661,"1,119",,2140,"2,20","1,119"
,1540,"17,0%","+52,0%","1,08840",,815,"12,0%","1,03000",,2019,"1,120",,2680,"1,120",,2154,"2,20","1,120"
,1550,"17,1%","+52,1%","1,08909",,818,"12,1%","1,03025",,2033,"1,121",,2699,"1,121",,2169,"2,19","1,121"
,1559,"17,2%","+52,2%","1,08978",,822,"12,2%","1,03050",,2046,"1,122",,2718,"1,122",,2184,"2,19","1,122"
,1569,"17,3%","+52,3%","1,09048",,825,"12,3%","1,03075",,2060,"1,123",,2737,"1,123",,2198,"2,19","1,123"
,1578,"17,4%","+52,4%","1,09118",,829,"12,4%","1,03100",,2073,"1,124",,2756,"1,124",,2213,"2,19","1,124"
,1588,"17,5%","+52,5%","1,09188",,832,"12,5%","1,03125",,2087,"1,125",,2775,"1,125",,2227,"2,18","1,125"
,1597,"17,6%","+52,6%","1,09258",,836,"12,6%","1,03150",,2100,"1,126",,2794,"1,126",,2242,"2,18","1,126"
,1607,"17,7%","+52,7%","1,09328",,839,"12,7%","1,03175",,2114,"1,127",,2813,"1,127",,2257,"2,18","1,127"
,1616,"17,8%","+52,8%","1,09398",,843,"12,8%","1,03200",,2128,"1,128",,2832,"1,128",,2271,"2,18","1,128"
,1626,"17,9%","+52,9%","1,09469",,846,"12,9%","1,03225",,2141,"1,129",,2851,"1,129",,2286,"2,17","1,129"
,1635,"18,0%","+53,0%","1,09540",,850,"13,0%","1,03250",,2155,"1,130",,2870,"1,130",,2300,"2,17","1,130"
,1645,"18,1%","+53,1%","1,09611",,853,"13,1%","1,03275",,2168,"1,131",,2889,"1,131",,2315,"2,17","1,131"
,1654,"18,2%","+53,2%","1,09682",,856,"13,2%","1,03300",,2182,"1,132",,2908,"1,132",,2330,"2,17","1,132"
,1664,"18,3%","+53,3%","1,09754",,860,"13,3%","1,03325",,2195,"1,133",,2927,"1,133",,2344,"2,16","1,133"
,1673,"18,4%","+53,4%","1,09826",,863,"13,4%","1,03350",,2209,"1,134",,2946,"1,134",,2359,"2,16","1,134"
,1683,"18,5%","+53,5%","1,09898",,867,"13,5%","1,03375",,2223,"1,135",,2965,"1,135",,2374,"2,16","1,135"
,1692,"18,6%","+53,6%","1,09970",,870,"13,6%","1,03400",,2236,"1,136",,2984,"1,136",,2388,"2,16","1,136"
,1702,"18,7%","+53,7%","1,10042",,874,"13,7%","1,03425",,2250,"1,137",,,,,2403,"2,15","1,137"
,1711,"18,8%","+53,8%","1,10114",,877,"13,8%","1,03450",,2263,"1,138",,,,,2417,"2,15","1,138"
,1721,"18,9%","+53,9%","1,10187",,881,"13,9%","1,03475",,2277,"1,139",,,,,2432,"2,15","1,139"
,1730,"19,0%","+54,0%","1,10260",,884,"14,0%","1,03500",,2290,"1,140",,,,,2447,"2,15","1,140"
,1740,"19,1%","+54,1%","1,10333",,888,"14,1%","1,03525",,2304,"1,141",,,,,2461,"2,14","1,141"
,1749,"19,2%","+54,2%","1,10406",,891,"14,2%","1,03550",,2318,"1,142",,,,,2476,"2,14","1,142"
,1759,"19,3%","+54,3%","1,10480",,894,"14,3%","1,03575",,2331,"1,143",,,,,2490,"2,14","1,143"
,1768,"19,4%","+54,4%","1,10554",,898,"14,4%","1,03600",,2345,"1,144",,,,,2505,"2,14","1,144"
,1778,"19,5%","+54,5%","1,10628",,901,"14,5%","1,03625",,2358,"1,145",,,,,2520,"2,13","1,145"
,1787,"19,6%","+54,6%","1,10702",,905,"14,6%","1,03650",,2372,"1,146",,,,,2534,"2,13","1,146"
,1797,"19,7%","+54,7%","1,10776",,908,"14,7%","1,03675",,2385,"1,147",,,,,2549,"2,13","1,147"
,1806,"19,8%","+54,8%","1,10850",,912,"14,8%","1,03700",,2399,"1,148",,,,,2564,"2,13","1,148"
,1816,"19,9%","+54,9%","1,10925",,915,"14,9%","1,03725",,2413,"1,149",,,,,2578,"2,12","1,149"
,1825,"20,0%","+55,0%","1,11000",,919,"15,0%","1,03750",,2426,"1,150",,,,,2593,"2,12","1,150"
,1835,"20,1%","+55,1%","1,11075",,922,"15,1%","1,03775",,2440,"1,151",,,,,2607,"2,12","1,151"
,1844,"20,2%","+55,2%","1,11150",,926,"15,2%","1,03800",,2453,"1,152",,,,,2622,"2,12","1,152"
,1854,"20,3%","+55,3%","1,11226",,929,"15,3%","1,03825",,2467,"1,153",,,,,2637,"2,11","1,153"
,1863,"20,4%","+55,4%","1,11302",,932,"15,4%","1,03850",,2480,"1,154",,,,,2651,"2,11","1,154"
,1873,"20,5%","+55,5%","1,11378",,936,"15,5%","1,03875",,2494,"1,155",,,,,2666,"2,11","1,155"
,1882,"20,6%","+55,6%","1,11454",,939,"15,6%","1,03900",,2508,"1,156",,,,,2680,"2,11","1,156"
,1892,"20,7%","+55,7%","1,11530",,943,"15,7%","1,03925",,2521,"1,157",,,,,2695,"2,10","1,157"
,1901,"20,8%","+55,8%","1,11606",,946,"15,8%","1,03950",,2535,"1,158",,,,,2710,"2,10","1,158"
,1911,"20,9%","+55,9%","1,11683",,950,"15,9%","1,03975",,2548,"1,159",,,,,2724,"2,10","1,159"
,1920,"21,0%","+56,0%","1,11760",,953,"16,0%","1,04000",,2562,"1,160",,,,,2739,"2,10","1,160"
,1930,"21,1%","+56,1%","1,11837",,957,"16,1%","1,04025",,2575,"1,161",,,,,2754,"2,09","1,161"
,1939,"21,2%","+56,2%","1,11914",,960,"16,2%","1,04050",,2589,"1,162",,,,,2768,"2,09","1,162"
,1949,"21,3%","+56,3%","1,11992",,964,"16,3%","1,04075",,2603,"1,163",,,,,2783,"2,09","1,163"
,1958,"21,4%","+56,4%","1,12070",,967,"16,4%","1,04100",,2616,"1,164",,,,,2797,"2,09","1,164"
,1968,"21,5%","+56,5%","1,12148",,970,"16,5%","1,04125",,2630,"1,165",,,,,2812,"2,08","1,165"
,1977,"21,6%","+56,6%","1,12226",,974,"16,6%","1,04150",,2643,"1,166",,,,,2827,"2,08","1,166"
,1987,"21,7%","+56,7%","1,12304",,977,"16,7%","1,04175",,2657,"1,167",,,,,2841,"2,08","1,167"
,1996,"21,8%","+56,8%","1,12382",,981,"16,8%","1,04200",,2670,"1,168",,,,,2856,"2,08","1,168"
,2006,"21,9%","+56,9%","1,12461",,984,"16,9%","1,04225",,2684,"1,169",,,,,2870,"2,07","1,169"
,2015,"22,0%","+57,0%","1,12540",,988,"17,0%","1,04250",,2698,"1,170",,,,,2885,"2,07","1,170"
,2025,"22,1%","+57,1%","1,12619",,991,"17,1%","1,04275",,2711,"1,171",,,,,2900,"2,07","1,171"
,2034,"22,2%","+57,2%","1,12698",,995,"17,2%","1,04300",,2725,"1,172",,,,,2914,"2,07","1,172"
,2044,"22,3%","+57,3%","1,12778",,998,"17,3%","1,04325",,2738,"1,173",,,,,2929,"2,06","1,173"
,2053,"22,4%","+57,4%","1,12858",,1002,"17,4%","1,04350",,2752,"1,174",,,,,2944,"2,06","1,174"
,2063,"22,5%","+57,5%","1,12938",,1005,"17,5%","1,04375",,2765,"1,175",,,,,2958,"2,06","1,175"
,2072,"22,6%","+57,6%","1,13018",,1008,"17,6%","1,04400",,2779,"1,176",,,,,2973,"2,06","1,176"
,2082,"22,7%","+57,7%","1,13098",,1012,"17,7%","1,04425",,2793,"1,177",,,,,2987,"2,05","1,177"
,2091,"22,8%","+57,8%","1,13178",,1015,"17,8%","1,04450",,2806,"1,178",,,,,,,
,2101,"22,9%","+57,9%","1,13259",,1019,"17,9%","1,04475",,2820,"1,179",,,,,,,
,2110,"23,0%","+58,0%","1,13340",,1022,"18,0%","1,04500",,2833,"1,180",,,,,,,
,2120,"23,1%","+58,1%","1,13421",,1026,"18,1%","1,04525",,2847,"1,181",,,,,,,
,2129,"23,2%","+58,2%","1,13502",,1029,"18,2%","1,04550",,2860,"1,182",,,,,,,
,2139,"23,3%","+58,3%","1,13584",,1033,"18,3%","1,04575",,2874,"1,183",,,,,,,
,2148,"23,4%","+58,4%","1,13666",,1036,"18,4%","1,04600",,2888,"1,184",,,,,,,
,2158,"23,5%","+58,5%","1,13748",,1040,"18,5%","1,04625",,2901,"1,185",,,,,,,
,2167,"23,6%","+58,6%","1,13830",,1043,"18,6%","1,04650",,2915,"1,186",,,,,,,
,2177,"23,7%","+58,7%","1,13912",,1046,"18,7%","1,04675",,2928,"1,187",,,,,,,
,2186,"23,8%","+58,8%","1,13994",,1050,"18,8%","1,04700",,2942,"1,188",,,,,,,
,2196,"23,9%","+58,9%","1,14077",,1053,"18,9%","1,04725",,2955,"1,189",,,,,,,
,2205,"24,0%","+59,0%","1,14160",,1057,"19,0%","1,04750",,2969,"1,190",,,,,,,
,2215,"24,1%","+59,1%","1,14243",,1060,"19,1%","1,04775",,2983,"1,191",,,,,,,
,2224,"24,2%","+59,2%","1,14326",,1064,"19,2%","1,04800",,2996,"1,192",,,,,,,
,2234,"24,3%","+59,3%","1,14410",,1067,"19,3%","1,04825",,,,,,,,,,
,2243,"24,4%","+59,4%","1,14494",,1071,"19,4%","1,04850",,,,,,,,,,
,2253,"24,5%","+59,5%","1,14578",,1074,"19,5%","1,04875",,,,,,,,,,
,2262,"24,6%","+59,6%","1,14662",,1078,"19,6%","1,04900",,,,,,,,,,
,2272,"24,7%","+59,7%","1,14746",,1081,"19,7%","1,04925",,,,,,,,,,
,2281,"24,8%","+59,8%","1,14830",,1084,"19,8%","1,04950",,,,,,,,,,
,2291,"24,9%","+59,9%","1,14915",,1088,"19,9%","1,04975",,,,,,,,,,
,2300,"25,0%","+60,0%","1,15000",,1091,"20,0%","1,05000",,,,,,,,,,
,2310,"25,1%","+60,1%","1,15085",,1095,"20,1%","1,05025",,,,,,,,,,
,2319,"25,2%","+60,2%","1,15170",,1098,"20,2%","1,05050",,,,,,,,,,
,2329,"25,3%","+60,3%","1,15256",,1102,"20,3%","1,05075",,,,,,,,,,
,2338,"25,4%","+60,4%","1,15342",,1105,"20,4%","1,05100",,,,,,,,,,
,2348,"25,5%","+60,5%","1,15428",,1109,"20,5%","1,05125",,,,,,,,,,
,2357,"25,6%","+60,6%","1,15514",,1112,"20,6%","1,05150",,,,,,,,,,
,2367,"25,7%","+60,7%","1,15600",,1116,"20,7%","1,05175",,,,,,,,,,
,2376,"25,8%","+60,8%","1,15686",,1119,"20,8%","1,05200",,,,,,,,,,
,2386,"25,9%","+60,9%","1,15773",,1122,"20,9%","1,05225",,,,,,,,,,
,2395,"26,0%","+61,0%","1,15860",,1126,"21,0%","1,05250",,,,,,,,,,
,2405,"26,1%","+61,1%","1,15947",,1129,"21,1%","1,05275",,,,,,,,,,
,2414,"26,2%","+61,2%","1,16034",,1133,"21,2%","1,05300",,,,,,,,,,
,2424,"26,3%","+61,3%","1,16122",,1136,"21,3%","1,05325",,,,,,,,,,
,2433,"26,4%","+61,4%","1,16210",,1140,"21,4%","1,05350",,,,,,,,,,
,2443,"26,5%","+61,5%","1,16298",,1143,"21,5%","1,05375",,,,,,,,,,
,2452,"26,6%","+61,6%","1,16386",,1147,"21,6%","1,05400",,,,,,,,,,
,2462,"26,7%","+61,7%","1,16474",,1150,"21,7%","1,05425",,,,,,,,,,
,2471,"26,8%","+61,8%","1,16562",,1154,"21,8%","1,05450",,,,,,,,,,
,2481,"26,9%","+61,9%","1,16651",,1157,"21,9%","1,05475",,,,,,,,,,
,2490,"27,0%","+62,0%","1,16740",,1160,"22,0%","1,05500",,,,,,,,,,
,2500,"27,1%","+62,1%","1,16829",,1164,"22,1%","1,05525",,,,,,,,,,
,2509,"27,2%","+62,2%","1,16918",,1167,"22,2%","1,05550",,,,,,,,,,
,2519,"27,3%","+62,3%","1,17008",,1171,"22,3%","1,05575",,,,,,,,,,
,2528,"27,4%","+62,4%","1,17098",,1174,"22,4%","1,05600",,,,,,,,,,
,2538,"27,5%","+62,5%","1,17188",,1178,"22,5%","1,05625",,,,,,,,,,
,2547,"27,6%","+62,6%","1,17278",,1181,"22,6%","1,05650",,,,,,,,,,
,2557,"27,7%","+62,7%","1,17368",,1185,"22,7%","1,05675",,,,,,,,,,
,2566,"27,8%","+62,8%","1,17458",,1188,"22,8%","1,05700",,,,,,,,,,
,2576,"27,9%","+62,9%","1,17549",,1192,"22,9%","1,05725",,,,,,,,,,
,2585,"28,0%","+63,0%","1,17640",,1195,"23,0%","1,05750",,,,,,,,,,
,2595,"28,1%","+63,1%","1,17731",,1198,"23,1%","1,05775",,,,,,,,,,
,2604,"28,2%","+63,2%","1,17822",,1202,"23,2%","1,05800",,,,,,,,,,
,2614,"28,3%","+63,3%","1,17914",,1205,"23,3%","1,05825",,,,,,,,,,
,2623,"28,4%","+63,4%","1,18006",,1209,"23,4%","1,05850",,,,,,,,,,
,2633,"28,5%","+63,5%","1,18098",,1212,"23,5%","1,05875",,,,,,,,,,
,2642,"28,6%","+63,6%","1,18190",,1216,"23,6%","1,05900",,,,,,,,,,
,2652,"28,7%","+63,7%","1,18282",,1219,"23,7%","1,05925",,,,,,,,,,
,2661,"28,8%","+63,8%","1,18374",,1223,"23,8%","1,05950",,,,,,,,,,
,2671,"28,9%","+63,9%","1,18467",,1226,"23,9%","1,05975",,,,,,,,,,
,2680,"29,0%","+64,0%","1,18560",,1230,"24,0%","1,06000",,,,,,,,,,
,2690,"29,1%","+64,1%","1,18653",,1233,"24,1%","1,06025",,,,,,,,,,
,2699,"29,2%","+64,2%","1,18746",,1236,"24,2%","1,06050",,,,,,,,,,
,2709,"29,3%","+64,3%","1,18840",,1240,"24,3%","1,06075",,,,,,,,,,
,2718,"29,4%","+64,4%","1,18934",,1243,"24,4%","1,06100",,,,,,,,,,
,2728,"29,5%","+64,5%","1,19028",,1247,"24,5%","1,06125",,,,,,,,,,
,2737,"29,6%","+64,6%","1,19122",,1250,"24,6%","1,06150",,,,,,,,,,
,2747,"29,7%","+64,7%","1,19216",,1254,"24,7%","1,06175",,,,,,,,,,
,2756,"29,8%","+64,8%","1,19310",,1257,"24,8%","1,06200",,,,,,,,,,
,2766,"29,9%","+64,9%","1,19405",,1261,"24,9%","1,06225",,,,,,,,,,
,2775,"30,0%","+65,0%","1,19500",,1264,"25,0%","1,06250",,,,,,,,,,
,2785,"30,1%","+65,1%","1,19595",,1268,"25,1%","1,06275",,,,,,,,,,
,2794,"30,2%","+65,2%","1,19690",,1271,"25,2%","1,06300",,,,,,,,,,
,2804,"30,3%","+65,3%","1,19786",,1274,"25,3%","1,06325",,,,,,,,,,
,2813,"30,4%","+65,4%","1,19882",,1278,"25,4%","1,06350",,,,,,,,,,
,2823,"30,5%","+65,5%","1,19978",,1281,"25,5%","1,06375",,,,,,,,,,
,2832,"30,6%","+65,6%","1,20074",,1285,"25,6%","1,06400",,,,,,,,,,
,2842,"30,7%","+65,7%","1,20170",,1288,"25,7%","1,06425",,,,,,,,,,
,2851,"30,8%","+65,8%","1,20266",,1292,"25,8%","1,06450",,,,,,,,,,
,2861,"30,9%","+65,9%","1,20363",,1295,"25,9%","1,06475",,,,,,,,,,
,2870,"31,0%","+66,0%","1,20460",,1299,"26,0%","1,06500",,,,,,,,,,
,2880,"31,1%","+66,1%","1,20557",,1302,"26,1%","1,06525",,,,,,,,,,
,2889,"31,2%","+66,2%","1,20654",,1306,"26,2%","1,06550",,,,,,,,,,
,2899,"31,3%","+66,3%","1,20752",,1309,"26,3%","1,06575",,,,,,,,,,
,2908,"31,4%","+66,4%","1,20850",,1312,"26,4%","1,06600",,,,,,,,,,
,2918,"31,5%","+66,5%","1,20948",,1316,"26,5%","1,06625",,,,,,,,,,
,2927,"31,6%","+66,6%","1,21046",,1319,"26,6%","1,06650",,,,,,,,,,
,2937,"31,7%","+66,7%","1,21144",,1323,"26,7%","1,06675",,,,,,,,,,
,2946,"31,8%","+66,8%","1,21242",,1326,"26,8%","1,06700",,,,,,,,,,
,2956,"31,9%","+66,9%","1,21341",,1330,"26,9%","1,06725",,,,,,,,,,
,2965,"32,0%","+67,0%","1,21440",,1333,"27,0%","1,06750",,,,,,,,,,
,2975,"32,1%","+67,1%","1,21539",,1337,"27,1%","1,06775",,,,,,,,,,
,2984,"32,2%","+67,2%","1,21638",,1340,"27,2%","1,06800",,,,,,,,,,
,2994,"32,3%","+67,3%","1,21738",,1344,"27,3%","1,06825",,,,,,,,,,
,,,,,,1347,"27,4%","1,06850",,,,,,,,,,
,,,,,,1350,"27,5%","1,06875",,,,,,,,,,
,,,,,,1354,"27,6%","1,06900",,,,,,,,,,
,,,,,,1357,"27,7%","1,06925",,,,,,,,,,
,,,,,,1361,"27,8%","1,06950",,,,,,,,,,
,,,,,,1364,"27,9%","1,06975",,,,,,,,,,
,,,,,,1368,"28,0%","1,07000",,,,,,,,,,
,,,,,,1371,"28,1%","1,07025",,,,,,,,,,
,,,,,,1375,"28,2%","1,07050",,,,,,,,,,
,,,,,,1378,"28,3%","1,07075",,,,,,,,,,
,,,,,,1382,"28,4%","1,07100",,,,,,,,,,
,,,,,,1385,"28,5%","1,07125",,,,,,,,,,
,,,,,,1388,"28,6%","1,07150",,,,,,,,,,
,,,,,,1392,"28,7%","1,07175",,,,,,,,,,
,,,,,,1395,"28,8%","1,07200",,,,,,,,,,
,,,,,,1399,"28,9%","1,07225",,,,,,,,,,
,,,,,,1402,"29,0%","1,07250",,,,,,,,,,
,,,,,,1406,"29,1%","1,07275",,,,,,,,,,
,,,,,,1409,"29,2%","1,07300",,,,,,,,,,
,,,,,,1413,"29,3%","1,07325",,,,,,,,,,
,,,,,,1416,"29,4%","1,07350",,,,,,,,,,
,,,,,,1420,"29,5%","1,07375",,,,,,,,,,
,,,,,,1423,"29,6%","1,07400",,,,,,,,,,
,,,,,,1426,"29,7%","1,07425",,,,,,,,,,
,,,,,,1430,"29,8%","1,07450",,,,,,,,,,
,,,,,,1433,"29,9%","1,07475",,,,,,,,,,
,,,,,,1437,"30,0%","1,07500",,,,,,,,,,
,,,,,,1440,"30,1%","1,07525",,,,,,,,,,
,,,,,,1444,"30,2%","1,07550",,,,,,,,,,
,,,,,,1447,"30,3%","1,07575",,,,,,,,,,
,,,,,,1451,"30,4%","1,07600",,,,,,,,,,
,,,,,,1454,"30,5%","1,07625",,,,,,,,,,
,,,,,,1458,"30,6%","1,07650",,,,,,,,,,
,,,,,,1461,"30,7%","1,07675",,,,,,,,,,
,,,,,,1464,"30,8%","1,07700",,,,,,,,,,
,,,,,,1468,"30,9%","1,07725",,,,,,,,,,
,,,,,,1471,"31,0%","1,07750",,,,,,,,,,
,,,,,,1475,"31,1%","1,07775",,,,,,,,,,
,,,,,,1478,"31,2%","1,07800",,,,,,,,,,
,,,,,,1482,"31,3%","1,07825",,,,,,,,,,
,,,,,,1485,"31,4%","1,07850",,,,,,,,,,
,,,,,,1489,"31,5%","1,07875",,,,,,,,,,
,,,,,,1492,"31,6%","1,07900",,,,,,,,,,
,,,,,,1496,"31,7%","1,07925",,,,,,,,,,
,,,,,,1499,"31,8%","1,07950",,,,,,,,,,
,,,,,,1502,"31,9%","1,07975",,,,,,,,,,
,,,,,,1506,"32,0%","1,08000",,,,,,,,,,
,,,,,,1509,"32,1%","1,08025",,,,,,,,,,
,,,,,,1513,"32,2%","1,08050",,,,,,,,,,
,,,,,,1516,"32,3%","1,08075",,,,,,,,,,
,,,,,,1520,"32,4%","1,08100",,,,,,,,,,
,,,,,,1523,"32,5%","1,08125",,,,,,,,,,
,,,,,,1527,"32,6%","1,08150",,,,,,,,,,
,,,,,,1530,"32,7%","1,08175",,,,,,,,,,
,,,,,,1534,"32,8%","1,08200",,,,,,,,,,
,,,,,,1537,"32,9%","1,08225",,,,,,,,,,
,,,,,,1540,"33,0%","1,08250",,,,,,,,,,
,,,,,,1544,"33,1%","1,08275",,,,,,,,,,
,,,,,,1547,"33,2%","1,08300",,,,,,,,,,
,,,,,,1551,"33,3%","1,08325",,,,,,,,,,
,,,,,,1554,"33,4%","1,08350",,,,,,,,,,
,,,,,,1558,"33,5%","1,08375",,,,,,,,,,
,,,,,,1561,"33,6%","1,08400",,,,,,,,,,
,,,,,,1565,"33,7%","1,08425",,,,,,,,,,
,,,,,,1568,"33,8%","1,08450",,,,,,,,,,
,,,,,,1572,"33,9%","1,08475",,,,,,,,,,
,,,,,,1575,"34,0%","1,08500",,,,,,,,,,
,,,,,,1578,"34,1%","1,08525",,,,,,,,,,
,,,,,,1582,"34,2%","1,08550",,,,,,,,,,
,,,,,,1585,"34,3%","1,08575",,,,,,,,,,
,,,,,,1589,"34,4%","1,08600",,,,,,,,,,
,,,,,,1592,"34,5%","1,08625",,,,,,,,,,
,,,,,,1596,"34,6%","1,08650",,,,,,,,,,
,,,,,,1599,"34,7%","1,08675",,,,,,,,,,
,,,,,,1603,"34,8%","1,08700",,,,,,,,,,
,,,,,,1606,"34,9%","1,08725",,,,,,,,,,
,,,,,,1610,"35,0%","1,08750",,,,,,,,,,
,,,,,,1613,"35,1%","1,08775",,,,,,,,,,
,,,,,,1616,"35,2%","1,08800",,,,,,,,,,
,,,,,,1620,"35,3%","1,08825",,,,,,,,,,
,,,,,,1623,"35,4%","1,08850",,,,,,,,,,
,,,,,,1627,"35,5%","1,08875",,,,,,,,,,
,,,,,,1630,"35,6%","1,08900",,,,,,,,,,
,,,,,,1634,"35,7%","1,08925",,,,,,,,,,
,,,,,,1637,"35,8%","1,08950",,,,,,,,,,
,,,,,,1641,"35,9%","1,08975",,,,,,,,,,
,,,,,,1644,"36,0%","1,09000",,,,,,,,,,
,,,,,,1648,"36,1%","1,09025",,,,,,,,,,
,,,,,,1651,"36,2%","1,09050",,,,,,,,,,
,,,,,,1654,"36,3%","1,09075",,,,,,,,,,
,,,,,,1658,"36,4%","1,09100",,,,,,,,,,
,,,,,,1661,"36,5%","1,09125",,,,,,,,,,
,,,,,,1665,"36,6%","1,09150",,,,,,,,,,
,,,,,,1668,"36,7%","1,09175",,,,,,,,,,
,,,,,,1672,"36,8%","1,09200",,,,,,,,,,
,,,,,,1675,"36,9%","1,09225",,,,,,,,,,
,,,,,,1679,"37,0%","1,09250",,,,,,,,,,
,,,,,,1682,"37,1%","1,09275",,,,,,,,,,
,,,,,,1686,"37,2%","1,09300",,,,,,,,,,
,,,,,,1689,"37,3%","1,09325",,,,,,,,,,
,,,,,,1692,"37,4%","1,09350",,,,,,,,,,
,,,,,,1696,"37,5%","1,09375",,,,,,,,,,
,,,,,,1699,"37,6%","1,09400",,,,,,,,,,
,,,,,,1703,"37,7%","1,09425",,,,,,,,,,
,,,,,,1706,"37,8%","1,09450",,,,,,,,,,
,,,,,,1710,"37,9%","1,09475",,,,,,,,,,
,,,,,,1713,"38,0%","1,09500",,,,,,,,,,
,,,,,,1717,"38,1%","1,09525",,,,,,,,,,
,,,,,,1720,"38,2%","1,09550",,,,,,,,,,
,,,,,,1724,"38,3%","1,09575",,,,,,,,,,
,,,,,,1727,"38,4%","1,09600",,,,,,,,,,
,,,,,,1730,"38,5%","1,09625",,,,,,,,,,
,,,,,,1734,"38,6%","1,09650",,,,,,,,,,
,,,,,,1737,"38,7%","1,09675",,,,,,,,,,
,,,,,,1741,"38,8%","1,09700",,,,,,,,,,
,,,,,,1744,"38,9%","1,09725",,,,,,,,,,
,,,,,,1748,"39,0%","1,09750",,,,,,,,,,
,,,,,,1751,"39,1%","1,09775",,,,,,,,,,
,,,,,,1755,"39,2%","1,09800",,,,,,,,,,
,,,,,,1758,"39,3%","1,09825",,,,,,,,,,
,,,,,,1762,"39,4%","1,09850",,,,,,,,,,
,,,,,,1765,"39,5%","1,09875",,,,,,,,,,
,,,,,,1768,"39,6%","1,09900",,,,,,,,,,
,,,,,,1772,"39,7%","1,09925",,,,,,,,,,
,,,,,,1775,"39,8%","1,09950",,,,,,,,,,
,,,,,,1779,"39,9%","1,09975",,,,,,,,,,
,,,,,,1782,"40,0%","1,10000",,,,,,,,,,
,,,,,,1786,"40,1%","1,10025",,,,,,,,,,
,,,,,,1789,"40,2%","1,10050",,,,,,,,,,
,,,,,,1793,"40,3%","1,10075",,,,,,,,,,
,,,,,,1796,"40,4%","1,10100",,,,,,,,,,
,,,,,,1800,"40,5%","1,10125",,,,,,,,,,
,,,,,,1803,"40,6%","1,10150",,,,,,,,,,
,,,,,,1806,"40,7%","1,10175",,,,,,,,,,
,,,,,,1810,"40,8%","1,10200",,,,,,,,,,
,,,,,,1813,"40,9%","1,10225",,,,,,,,,,
,,,,,,1817,"41,0%","1,10250",,,,,,,,,,
,,,,,,1820,"41,1%","1,10275",,,,,,,,,,
,,,,,,1824,"41,2%","1,10300",,,,,,,,,,
,,,,,,1827,"41,3%","1,10325",,,,,,,,,,
,,,,,,1831,"41,4%","1,10350",,,,,,,,,,
,,,,,,1834,"41,5%","1,10375",,,,,,,,,,
,,,,,,1838,"41,6%","1,10400",,,,,,,,,,
,,,,,,1841,"41,7%","1,10425",,,,,,,,,,
,,,,,,1844,"41,8%","1,10450",,,,,,,,,,
,,,,,,1848,"41,9%","1,10475",,,,,,,,,,
,,,,,,1851,"42,0%","1,10500",,,,,,,,,,
,,,,,,1855,"42,1%","1,10525",,,,,,,,,,
,,,,,,1858,"42,2%","1,10550",,,,,,,,,,
,,,,,,1862,"42,3%","1,10575",,,,,,,,,,
,,,,,,1865,"42,4%","1,10600",,,,,,,,,,
,,,,,,1869,"42,5%","1,10625",,,,,,,,,,
,,,,,,1872,"42,6%","1,10650",,,,,,,,,,
,,,,,,1876,"42,7%","1,10675",,,,,,,,,,
,,,,,,1879,"42,8%","1,10700",,,,,,,,,,
,,,,,,1882,"42,9%","1,10725",,,,,,,,,,
,,,,,,1886,"43,0%","1,10750",,,,,,,,,,
,,,,,,1889,"43,1%","1,10775",,,,,,,,,,
,,,,,,1893,"43,2%","1,10800",,,,,,,,,,
,,,,,,1896,"43,3%","1,10825",,,,,,,,,,
,,,,,,1900,"43,4%","1,10850",,,,,,,,,,
,,,,,,1903,"43,5%","1,10875",,,,,,,,,,
,,,,,,1907,"43,6%","1,10900",,,,,,,,,,
,,,,,,1910,"43,7%","1,10925",,,,,,,,,,
,,,,,,1914,"43,8%","1,10950",,,,,,,,,,
,,,,,,1917,"43,9%","1,10975",,,,,,,,,,
,,,,,,1920,"44,0%","1,11000",,,,,,,,,,
,,,,,,1924,"44,1%","1,11025",,,,,,,,,,
,,,,,,1927,"44,2%","1,11050",,,,,,,,,,
,,,,,,1931,"44,3%","1,11075",,,,,,,,,,
,,,,,,1934,"44,4%","1,11100",,,,,,,,,,
,,,,,,1938,"44,5%","1,11125",,,,,,,,,,
,,,,,,1941,"44,6%","1,11150",,,,,,,,,,
,,,,,,1945,"44,7%","1,11175",,,,,,,,,,
,,,,,,1948,"44,8%","1,11200",,,,,,,,,,
,,,,,,1952,"44,9%","1,11225",,,,,,,,,,
,,,,,,1955,"45,0%","1,11250",,,,,,,,,,
,,,,,,1958,"45,1%","1,11275",,,,,,,,,,
,,,,,,1962,"45,2%","1,11300",,,,,,,,,,
,,,,,,1965,"45,3%","1,11325",,,,,,,,,,
,,,,,,1969,"45,4%","1,11350",,,,,,,,,,
,,,,,,1972,"45,5%","1,11375",,,,,,,,,,
,,,,,,1976,"45,6%","1,11400",,,,,,,,,,
,,,,,,1979,"45,7%","1,11425",,,,,,,,,,
,,,,,,1983,"45,8%","1,11450",,,,,,,,,,
,,,,,,1986,"45,9%","1,11475",,,,,,,,,,
,,,,,,1990,"46,0%","1,11500",,,,,,,,,,
,,,,,,1993,"46,1%","1,11525",,,,,,,,,,
,,,,,,1996,"46,2%","1,11550",,,,,,,,,,
,,,,,,2000,"46,3%","1,11575",,,,,,,,,,
,,,,,,2003,"46,4%","1,11600",,,,,,,,,,
,,,,,,2007,"46,5%","1,11625",,,,,,,,,,
,,,,,,2010,"46,6%","1,11650",,,,,,,,,,
,,,,,,2014,"46,7%","1,11675",,,,,,,,,,
,,,,,,2017,"46,8%","1,11700",,,,,,,,,,
,,,,,,2021,"46,9%","1,11725",,,,,,,,,,
,,,,,,2024,"47,0%","1,11750",,,,,,,,,,
,,,,,,2028,"47,1%","1,11775",,,,,,,,,,
,,,,,,2031,"47,2%","1,11800",,,,,,,,,,
,,,,,,2034,"47,3%","1,11825",,,,,,,,,,
,,,,,,2038,"47,4%","1,11850",,,,,,,,,,
,,,,,,2041,"47,5%","1,11875",,,,,,,,,,
,,,,,,2045,"47,6%","1,11900",,,,,,,,,,
,,,,,,2048,"47,7%","1,11925",,,,,,,,,,
,,,,,,2052,"47,8%","1,11950",,,,,,,,,,
,,,,,,2055,"47,9%","1,11975",,,,,,,,,,
,,,,,,2059,"48,0%","1,12000",,,,,,,,,,
,,,,,,2062,"48,1%","1,12025",,,,,,,,,,
,,,,,,2066,"48,2%","1,12050",,,,,,,,,,
,,,,,,2069,"48,3%","1,12075",,,,,,,,,,
,,,,,,2072,"48,4%","1,12100",,,,,,,,,,
,,,,,,2076,"48,5%","1,12125",,,,,,,,,,
,,,,,,2079,"48,6%","1,12150",,,,,,,,,,
,,,,,,2083,"48,7%","1,12175",,,,,,,,,,
,,,,,,2086,"48,8%","1,12200",,,,,,,,,,
,,,,,,2090,"48,9%","1,12225",,,,,,,,,,
,,,,,,2093,"49,0%","1,12250",,,,,,,,,,
,,,,,,2097,"49,1%","1,12275",,,,,,,,,,
,,,,,,2100,"49,2%","1,12300",,,,,,,,,,
,,,,,,2104,"49,3%","1,12325",,,,,,,,,,
,,,,,,2107,"49,4%","1,12350",,,,,,,,,,
,,,,,,2110,"49,5%","1,12375",,,,,,,,,,
,,,,,,2114,"49,6%","1,12400",,,,,,,,,,
,,,,,,2117,"49,7%","1,12425",,,,,,,,,,
,,,,,,2121,"49,8%","1,12450",,,,,,,,,,
,,,,,,2124,"49,9%","1,12475",,,,,,,,,,
,,,,,,2128,"50,0%","1,12500",,,,,,,,,,
,,,,,,2131,"50,1%","1,12525",,,,,,,,,,
,,,,,,2135,"50,2%","1,12550",,,,,,,,,,
,,,,,,2138,"50,3%","1,12575",,,,,,,,,,
,,,,,,2142,"50,4%","1,12600",,,,,,,,,,
,,,,,,2145,"50,5%","1,12625",,,,,,,,,,
,,,,,,2148,"50,6%","1,12650",,,,,,,,,,
,,,,,,2152,"50,7%","1,12675",,,,,,,,,,
,,,,,,2155,"50,8%","1,12700",,,,,,,,,,
,,,,,,2159,"50,9%","1,12725",,,,,,,,,,
,,,,,,2162,"51,0%","1,12750",,,,,,,,,,
,,,,,,2166,"51,1%","1,12775",,,,,,,,,,
,,,,,,2169,"51,2%","1,12800",,,,,,,,,,
,,,,,,2173,"51,3%","1,12825",,,,,,,,,,
,,,,,,2176,"51,4%","1,12850",,,,,,,,,,
,,,,,,2180,"51,5%","1,12875",,,,,,,,,,
,,,,,,2183,"51,6%","1,12900",,,,,,,,,,
,,,,,,2186,"51,7%","1,12925",,,,,,,,,,
,,,,,,2190,"51,8%","1,12950",,,,,,,,,,
,,,,,,2193,"51,9%","1,12975",,,,,,,,,,
,,,,,,2197,"52,0%","1,13000",,,,,,,,,,
,,,,,,2200,"52,1%","1,13025",,,,,,,,,,
,,,,,,2204,"52,2%","1,13050",,,,,,,,,,
,,,,,,2207,"52,3%","1,13075",,,,,,,,,,
,,,,,,2211,"52,4%","1,13100",,,,,,,,,,
,,,,,,2214,"52,5%","1,13125",,,,,,,,,,
,,,,,,2218,"52,6%","1,13150",,,,,,,,,,
,,,,,,2221,"52,7%","1,13175",,,,,,,,,,
,,,,,,2224,"52,8%","1,13200",,,,,,,,,,
,,,,,,2228,"52,9%","1,13225",,,,,,,,,,
,,,,,,2231,"53,0%","1,13250",,,,,,,,,,
,,,,,,2235,"53,1%","1,13275",,,,,,,,,,
,,,,,,2238,"53,2%","1,13300",,,,,,,,,,
,,,,,,2242,"53,3%","1,13325",,,,,,,,,,
,,,,,,2245,"53,4%","1,13350",,,,,,,,,,
,,,,,,2249,"53,5%","1,13375",,,,,,,,,,
,,,,,,2252,"53,6%","1,13400",,,,,,,,,,
,,,,,,2256,"53,7%","1,13425",,,,,,,,,,
,,,,,,2259,"53,8%","1,13450",,,,,,,,,,
,,,,,,2262,"53,9%","1,13475",,,,,,,,,,
,,,,,,2266,"54,0%","1,13500",,,,,,,,,,
,,,,,,2269,"54,1%","1,13525",,,,,,,,,,
,,,,,,2273,"54,2%","1,13550",,,,,,,,,,
,,,,,,2276,"54,3%","1,13575",,,,,,,,,,
,,,,,,2280,"54,4%","1,13600",,,,,,,,,,
,,,,,,2283,"54,5%","1,13625",,,,,,,,,,
,,,,,,2287,"54,6%","1,13650",,,,,,,,,,
,,,,,,2290,"54,7%","1,13675",,,,,,,,,,
,,,,,,2294,"54,8%","1,13700",,,,,,,,,,
,,,,,,2297,"54,9%","1,13725",,,,,,,,,,
,,,,,,2300,"55,0%","1,13750",,,,,,,,,,
,,,,,,2304,"55,1%","1,13775",,,,,,,,,,
,,,,,,2307,"55,2%","1,13800",,,,,,,,,,
,,,,,,2311,"55,3%","1,13825",,,,,,,,,,
,,,,,,2314,"55,4%","1,13850",,,,,,,,,,
,,,,,,2318,"55,5%","1,13875",,,,,,,,,,
,,,,,,2321,"55,6%","1,13900",,,,,,,,,,
,,,,,,2325,"55,7%","1,13925",,,,,,,,,,
,,,,,,2328,"55,8%","1,13950",,,,,,,,,,
,,,,,,2332,"55,9%","1,13975",,,,,,,,,,
,,,,,,2335,"56,0%","1,14000",,,,,,,,,,
,,,,,,2338,"56,1%","1,14025",,,,,,,,,,
,,,,,,2342,"56,2%","1,14050",,,,,,,,,,
,,,,,,2345,"56,3%","1,14075",,,,,,,,,,
,,,,,,2349,"56,4%","1,14100",,,,,,,,,,
,,,,,,2352,"56,5%","1,14125",,,,,,,,,,
,,,,,,2356,"56,6%","1,14150",,,,,,,,,,
,,,,,,2359,"56,7%","1,14175",,,,,,,,,,
,,,,,,2363,"56,8%","1,14200",,,,,,,,,,
,,,,,,2366,"56,9%","1,14225",,,,,,,,,,
,,,,,,2370,"57,0%","1,14250",,,,,,,,,,
,,,,,,2373,"57,1%","1,14275",,,,,,,,,,
,,,,,,2376,"57,2%","1,14300",,,,,,,,,,
,,,,,,2380,"57,3%","1,14325",,,,,,,,,,
,,,,,,2383,"57,4%","1,14350",,,,,,,,,,
,,,,,,2387,"57,5%","1,14375",,,,,,,,,,
,,,,,,2390,"57,6%","1,14400",,,,,,,,,,
,,,,,,2394,"57,7%","1,14425",,,,,,,,,,
,,,,,,2397,"57,8%","1,14450",,,,,,,,,,
,,,,,,2401,"57,9%","1,14475",,,,,,,,,,
,,,,,,2404,"58,0%","1,14500",,,,,,,,,,
,,,,,,2408,"58,1%","1,14525",,,,,,,,,,
,,,,,,2411,"58,2%","1,14550",,,,,,,,,,
,,,,,,2414,"58,3%","1,14575",,,,,,,,,,
,,,,,,2418,"58,4%","1,14600",,,,,,,,,,
,,,,,,2421,"58,5%","1,14625",,,,,,,,,,
,,,,,,2425,"58,6%","1,14650",,,,,,,,,,
,,,,,,2428,"58,7%","1,14675",,,,,,,,,,
,,,,,,2432,"58,8%","1,14700",,,,,,,,,,
,,,,,,2435,"58,9%","1,14725",,,,,,,,,,
,,,,,,2439,"59,0%","1,14750",,,,,,,,,,
,,,,,,2442,"59,1%","1,14775",,,,,,,,,,
,,,,,,2446,"59,2%","1,14800",,,,,,,,,,
,,,,,,2449,"59,3%","1,14825",,,,,,,,,,
,,,,,,2452,"59,4%","1,14850",,,,,,,,,,
,,,,,,2456,"59,5%","1,14875",,,,,,,,,,
,,,,,,2459,"59,6%","1,14900",,,,,,,,,,
,,,,,,2463,"59,7%","1,14925",,,,,,,,,,
,,,,,,2466,"59,8%","1,14950",,,,,,,,,,
,,,,,,2470,"59,9%","1,14975",,,,,,,,,,
,,,,,,2473,"60,0%","1,15000",,,,,,,,,,
,,,,,,2477,"60,1%","1,15025",,,,,,,,,,
,,,,,,2480,"60,2%","1,15050",,,,,,,,,,
,,,,,,2484,"60,3%","1,15075",,,,,,,,,,
,,,,,,2487,"60,4%","1,15100",,,,,,,,,,
,,,,,,2490,"60,5%","1,15125",,,,,,,,,,
,,,,,,2494,"60,6%","1,15150",,,,,,,,,,
,,,,,,2497,"60,7%","1,15175",,,,,,,,,,
,,,,,,2501,"60,8%","1,15200",,,,,,,,,,
,,,,,,2504,"60,9%","1,15225",,,,,,,,,,
,,,,,,2508,"61,0%","1,15250",,,,,,,,,,
,,,,,,2511,"61,1%","1,15275",,,,,,,,,,
,,,,,,2515,"61,2%","1,15300",,,,,,,,,,
,,,,,,2518,"61,3%","1,15325",,,,,,,,,,
,,,,,,2522,"61,4%","1,15350",,,,,,,,,,
,,,,,,2525,"61,5%","1,15375",,,,,,,,,,
,,,,,,2528,"61,6%","1,15400",,,,,,,,,,
,,,,,,2532,"61,7%","1,15425",,,,,,,,,,
,,,,,,2535,"61,8%","1,15450",,,,,,,,,,
,,,,,,2539,"61,9%","1,15475",,,,,,,,,,
,,,,,,2542,"62,0%","1,15500",,,,,,,,,,
,,,,,,2546,"62,1%","1,15525",,,,,,,,,,
,,,,,,2549,"62,2%","1,15550",,,,,,,,,,
,,,,,,2553,"62,3%","1,15575",,,,,,,,,,
,,,,,,2556,"62,4%","1,15600",,,,,,,,,,
,,,,,,2560,"62,5%","1,15625",,,,,,,,,,
,,,,,,2563,"62,6%","1,15650",,,,,,,,,,
,,,,,,2566,"62,7%","1,15675",,,,,,,,,,
,,,,,,2570,"62,8%","1,15700",,,,,,,,,,
,,,,,,2573,"62,9%","1,15725",,,,,,,,,,
,,,,,,2577,"63,0%","1,15750",,,,,,,,,,
,,,,,,2580,"63,1%","1,15775",,,,,,,,,,
,,,,,,2584,"63,2%","1,15800",,,,,,,,,,
,,,,,,2587,"63,3%","1,15825",,,,,,,,,,
,,,,,,2591,"63,4%","1,15850",,,,,,,,,,
,,,,,,2594,"63,5%","1,15875",,,,,,,,,,
,,,,,,2598,"63,6%","1,15900",,,,,,,,,,
,,,,,,2601,"63,7%","1,15925",,,,,,,,,,
,,,,,,2604,"63,8%","1,15950",,,,,,,,,,
,,,,,,2608,"63,9%","1,15975",,,,,,,,,,
,,,,,,2611,"64,0%","1,16000",,,,,,,,,,
,,,,,,2615,"64,1%","1,16025",,,,,,,,,,
,,,,,,2618,"64,2%","1,16050",,,,,,,,,,
,,,,,,2622,"64,3%","1,16075",,,,,,,,,,
,,,,,,2625,"64,4%","1,16100",,,,,,,,,,
,,,,,,2629,"64,5%","1,16125",,,,,,,,,,
,,,,,,2632,"64,6%","1,16150",,,,,,,,,,
,,,,,,2636,"64,7%","1,16175",,,,,,,,,,
,,,,,,2639,"64,8%","1,16200",,,,,,,,,,
,,,,,,2642,"64,9%","1,16225",,,,,,,,,,
,,,,,,2646,"65,0%","1,16250",,,,,,,,,,
,,,,,,2649,"65,1%","1,16275",,,,,,,,,,
,,,,,,2653,"65,2%","1,16300",,,,,,,,,,
,,,,,,2656,"65,3%","1,16325",,,,,,,,,,
,,,,,,2660,"65,4%","1,16350",,,,,,,,,,
,,,,,,2663,"65,5%","1,16375",,,,,,,,,,
,,,,,,2667,"65,6%","1,16400",,,,,,,,,,
,,,,,,2670,"65,7%","1,16425",,,,,,,,,,
,,,,,,2674,"65,8%","1,16450",,,,,,,,,,
,,,,,,2677,"65,9%","1,16475",,,,,,,,,,
,,,,,,2680,"66,0%","1,16500",,,,,,,,,,
,,,,,,2684,"66,1%","1,16525",,,,,,,,,,
,,,,,,2687,"66,2%","1,16550",,,,,,,,,,
,,,,,,2691,"66,3%","1,16575",,,,,,,,,,
,,,,,,2694,"66,4%","1,16600",,,,,,,,,,
,,,,,,2698,"66,5%","1,16625",,,,,,,,,,
,,,,,,2701,"66,6%","1,16650",,,,,,,,,,
,,,,,,2705,"66,7%","1,16675",,,,,,,,,,
,,,,,,2708,"66,8%","1,16700",,,,,,,,,,
,,,,,,2712,"66,9%","1,16725",,,,,,,,,,
,,,,,,2715,"67,0%","1,16750",,,,,,,,,,
,,,,,,2718,"67,1%","1,16775",,,,,,,,,,
,,,,,,2722,"67,2%","1,16800",,,,,,,,,,
,,,,,,2725,"67,3%","1,16825",,,,,,,,,,
,,,,,,2729,"67,4%","1,16850",,,,,,,,,,
,,,,,,2732,"67,5%","1,16875",,,,,,,,,,
,,,,,,2736,"67,6%","1,16900",,,,,,,,,,
,,,,,,2739,"67,7%","1,16925",,,,,,,,,,
,,,,,,2743,"67,8%","1,16950",,,,,,,,,,
,,,,,,2746,"67,9%","1,16975",,,,,,,,,,
,,,,,,2750,"68,0%","1,17000",,,,,,,,,,
,,,,,,2753,"68,1%","1,17025",,,,,,,,,,
,,,,,,2756,"68,2%","1,17050",,,,,,,,,,
,,,,,,2760,"68,3%","1,17075",,,,,,,,,,
,,,,,,2763,"68,4%","1,17100",,,,,,,,,,
,,,,,,2767,"68,5%","1,17125",,,,,,,,,,
,,,,,,2770,"68,6%","1,17150",,,,,,,,,,
,,,,,,2774,"68,7%","1,17175",,,,,,,,,,
,,,,,,2777,"68,8%","1,17200",,,,,,,,,,
,,,,,,2781,"68,9%","1,17225",,,,,,,,,,
,,,,,,2784,"69,0%","1,17250",,,,,,,,,,
,,,,,,2788,"69,1%","1,17275",,,,,,,,,,
,,,,,,2791,"69,2%","1,17300",,,,,,,,,,
,,,,,,2794,"69,3%","1,17325",,,,,,,,,,
,,,,,,2798,"69,4%","1,17350",,,,,,,,,,
,,,,,,2801,"69,5%","1,17375",,,,,,,,,,
,,,,,,2805,"69,6%","1,17400",,,,,,,,,,
,,,,,,2808,"69,7%","1,17425",,,,,,,,,,
,,,,,,2812,"69,8%","1,17450",,,,,,,,,,
,,,,,,2815,"69,9%","1,17475",,,,,,,,,,
,,,,,,2819,"70,0%","1,17500",,,,,,,,,,
,,,,,,2822,"70,1%","1,17525",,,,,,,,,,
,,,,,,2826,"70,2%","1,17550",,,,,,,,,,
,,,,,,2829,"70,3%","1,17575",,,,,,,,,,
,,,,,,2832,"70,4%","1,17600",,,,,,,,,,
,,,,,,2836,"70,5%","1,17625",,,,,,,,,,
,,,,,,2839,"70,6%","1,17650",,,,,,,,,,
,,,,,,2843,"70,7%","1,17675",,,,,,,,,,
,,,,,,2846,"70,8%","1,17700",,,,,,,,,,
,,,,,,2850,"70,9%","1,17725",,,,,,,,,,
,,,,,,2853,"71,0%","1,17750",,,,,,,,,,
,,,,,,2857,"71,1%","1,17775",,,,,,,,,,
,,,,,,2860,"71,2%","1,17800",,,,,,,,,,
,,,,,,2864,"71,3%","1,17825",,,,,,,,,,
,,,,,,2867,"71,4%","1,17850",,,,,,,,,,
,,,,,,2870,"71,5%","1,17875",,,,,,,,,,
,,,,,,2874,"71,6%","1,17900",,,,,,,,,,
,,,,,,2877,"71,7%","1,17925",,,,,,,,,,
,,,,,,2881,"71,8%","1,17950",,,,,,,,,,
,,,,,,2884,"71,9%","1,17975",,,,,,,,,,
,,,,,,2888,"72,0%","1,18000",,,,,,,,,,
,,,,,,2891,"72,1%","1,18025",,,,,,,,,,
,,,,,,2895,"72,2%","1,18050",,,,,,,,,,
,,,,,,2898,"72,3%","1,18075",,,,,,,,,,
,,,,,,2902,"72,4%","1,18100",,,,,,,,,,
,,,,,,2905,"72,5%","1,18125",,,,,,,,,,
,,,,,,2908,"72,6%","1,18150",,,,,,,,,,
,,,,,,2912,"72,7%","1,18175",,,,,,,,,,
,,,,,,2915,"72,8%","1,18200",,,,,,,,,,
,,,,,,2919,"72,9%","1,18225",,,,,,,,,,
,,,,,,2922,"73,0%","1,18250",,,,,,,,,,
,,,,,,2926,"73,1%","1,18275",,,,,,,,,,
,,,,,,2929,"73,2%","1,18300",,,,,,,,,,
,,,,,,2933,"73,3%","1,18325",,,,,,,,,,
,,,,,,2936,"73,4%","1,18350",,,,,,,,,,
,,,,,,2940,"73,5%","1,18375",,,,,,,,,,
,,,,,,2943,"73,6%","1,18400",,,,,,,,,,
,,,,,,2946,"73,7%","1,18425",,,,,,,,,,
,,,,,,2950,"73,8%","1,18450",,,,,,,,,,
,,,,,,2953,"73,9%","1,18475",,,,,,,,,,
,,,,,,2957,"74,0%","1,18500",,,,,,,,,,
,,,,,,2960,"74,1%","1,18525",,,,,,,,,,
,,,,,,2964,"74,2%","1,18550",,,,,,,,,,
,,,,,,2967,"74,3%","1,18575",,,,,,,,,,
,,,,,,2971,"74,4%","1,18600",,,,,,,,,,
,,,,,,2974,"74,5%","1,18625",,,,,,,,,,
,,,,,,2978,"74,6%","1,18650",,,,,,,,,,
,,,,,,2981,"74,7%","1,18675",,,,,,,,,,
,,,,,,2984,"74,8%","1,18700",,,,,,,,,,
,,,,,,2988,"74,9%","1,18725",,,,,,,,,,
,,,,,,2991,"75,0%","1,18750",,,,,,,,,,
,,,,,,2995,"75,1%","1,18775",,,,,,,,,,
,,,,,,2998,"75,2%","1,18800",,,,,,,,,,